Workbook

Sheet AR Aging Report
A1: Accounts Receivable Aging Report
A2: Sample Portfolio Project – Fictional Data
A3: Customer | B3: Invoice No. | C3: Invoice Date | D3: Due Date | E3: Invoice Amount | F3: Amount Paid | G3: Balance | H3: Days Overdue | I3: Aging Category | J3: Status
A4: ABC Trading LLC | B4: INV-001 | C4: 46204 | D4: 46234 | E4: 2500 | F4: 2500 | G4: =E4-F4 | H4: =IF(G4=0,0,MAX(0,TODAY()-D4)) | I4: =IF(G4=0,"Paid",IF(H4=0,"Current",IF(H4<=30,"1-30 Days",IF(H4<=60,"31-60 Days",IF(H4<=90,"61-90 Days","90+ Days"))))) | J4: =IF(G4=0,"Paid",IF(H4>0,"Overdue","Due"))
A5: XYZ Services | B5: INV-002 | C5: 46208 | D5: 46238 | E5: 1800 | F5: 500 | G5: =E5-F5 | H5: =IF(G5=0,0,MAX(0,TODAY()-D5)) | I5: =IF(G5=0,"Paid",IF(H5=0,"Current",IF(H5<=30,"1-30 Days",IF(H5<=60,"31-60 Days",IF(H5<=90,"61-90 Days","90+ Days"))))) | J5: =IF(G5=0,"Paid",IF(H5>0,"Overdue","Due"))
A6: Green Star Ltd | B6: INV-003 | C6: 46213 | D6: 46243 | E6: 3200 | F6: 0 | G6: =E6-F6 | H6: =IF(G6=0,0,MAX(0,TODAY()-D6)) | I6: =IF(G6=0,"Paid",IF(H6=0,"Current",IF(H6<=30,"1-30 Days",IF(H6<=60,"31-60 Days",IF(H6<=90,"61-90 Days","90+ Days"))))) | J6: =IF(G6=0,"Paid",IF(H6>0,"Overdue","Due"))
A7: Bright Office Supplies | B7: INV-004 | C7: 46188 | D7: 46218 | E7: 1200 | F7: 0 | G7: =E7-F7 | H7: =IF(G7=0,0,MAX(0,TODAY()-D7)) | I7: =IF(G7=0,"Paid",IF(H7=0,"Current",IF(H7<=30,"1-30 Days",IF(H7<=60,"31-60 Days",IF(H7<=90,"61-90 Days","90+ Days"))))) | J7: =IF(G7=0,"Paid",IF(H7>0,"Overdue","Due"))
A8: Metro Facilities | B8: INV-005 | C8: 46162 | D8: 46192 | E8: 4500 | F8: 1500 | G8: =E8-F8 | H8: =IF(G8=0,0,MAX(0,TODAY()-D8)) | I8: =IF(G8=0,"Paid",IF(H8=0,"Current",IF(H8<=30,"1-30 Days",IF(H8<=60,"31-60 Days",IF(H8<=90,"61-90 Days","90+ Days"))))) | J8: =IF(G8=0,"Paid",IF(H8>0,"Overdue","Due"))
A9: Sunrise Services | B9: INV-006 | C9: 46235 | D9: 46265 | E9: 2200 | F9: 0 | G9: =E9-F9 | H9: =IF(G9=0,0,MAX(0,TODAY()-D9)) | I9: =IF(G9=0,"Paid",IF(H9=0,"Current",IF(H9<=30,"1-30 Days",IF(H9<=60,"31-60 Days",IF(H9<=90,"61-90 Days","90+ Days"))))) | J9: =IF(G9=0,"Paid",IF(H9>0,"Overdue","Due"))
A10: Prime Solutions | B10: INV-007 | C10: 46174 | D10: 46203 | E10: 3800 | F10: 3800 | G10: =E10-F10 | H10: =IF(G10=0,0,MAX(0,TODAY()-D10)) | I10: =IF(G10=0,"Paid",IF(H10=0,"Current",IF(H10<=30,"1-30 Days",IF(H10<=60,"31-60 Days",IF(H10<=90,"61-90 Days","90+ Days"))))) | J10: =IF(G10=0,"Paid",IF(H10>0,"Overdue","Due"))
A11: North Star Trading | B11: INV-008 | C11: 46122 | D11: 46152 | E11: 5200 | F11: 1000 | G11: =E11-F11 | H11: =IF(G11=0,0,MAX(0,TODAY()-D11)) | I11: =IF(G11=0,"Paid",IF(H11=0,"Current",IF(H11<=30,"1-30 Days",IF(H11<=60,"31-60 Days",IF(H11<=90,"61-90 Days","90+ Days"))))) | J11: =IF(G11=0,"Paid",IF(H11>0,"Overdue","Due"))

Sheet Dashboard
A1: Accounts Receivable Dashboard
A3: Total Invoiced | B3: =SUM('AR Aging Report'!E4:E11) | D3: Aging Category | E3: Outstanding
A4: Total Paid | B4: =SUM('AR Aging Report'!F4:F11) | D4: Current | E4: =SUMIF('AR Aging Report'!I4:I11,D4,'AR Aging Report'!G4:G11)
A5: Total Outstanding | B5: =SUM('AR Aging Report'!G4:G11) | D5: 1-30 Days | E5: =SUMIF('AR Aging Report'!I4:I11,D5,'AR Aging Report'!G4:G11)
A6: Overdue Balance | B6: =SUMIF('AR Aging Report'!J4:J11,"Overdue",'AR Aging Report'!G4:G11) | D6: 31-60 Days | E6: =SUMIF('AR Aging Report'!I4:I11,D6,'AR Aging Report'!G4:G11)
D7: 61-90 Days | E7: =SUMIF('AR Aging Report'!I4:I11,D7,'AR Aging Report'!G4:G11)
D8: 90+ Days | E8: =SUMIF('AR Aging Report'!I4:I11,D8,'AR Aging Report'!G4:G11)
